<?xml version="1.0" encoding="utf-8" standalone="yes"?>
<pizzeria xmlns:bar="pizza_barbacoa" xmlns:hawa="blasfemar" xmlns:cqueso="cuatro_quesos" xmlns:marg="margarita">
    <bar:pizza nombre="barbacoa" precio="8">
        <bar:ingrediente>
            Salsa Barbacoa
            Pollo
            Bacon
            Jamón
            Ternera
        </bar:ingrediente>
    </bar:pizza>
    <hawa:pizza nombre="Hawaiana" precio="7">
        <hawa:ingrediente>
           Tomate
           Mozarella
           Jamón
           Piña
           Queso
        </hawa:ingrediente>
    </hawa:pizza>
    <cqueso:pizza nombre="cuatro_quesos" precio="7">
        <cqueso:ingrediente>
           Tomate
           Mezcla de 4 quesos
        </cqueso:ingrediente>
    </cqueso:pizza>
    <marg:pizza nombre="margarita" precio="6">
        <marg:ingrediente>
           Tomate
           Jamón
           Queso
        </marg:ingrediente>
    </marg:pizza>
</pizzeria>